State,Year,Type,Gender,Age_group,Total,Total Population,totalPerCapita
Andhra Pradesh,2001,By Consuming Insecticides,Male,0-14,53,76210.0,0.0006954467917596116
Andhra Pradesh,2001,By Consuming Insecticides,Male,15-29,649,76210.0,0.00851594278966015
Andhra Pradesh,2001,By Consuming Insecticides,Male,30-44,701,76210.0,0.009198267943839392
Andhra Pradesh,2001,By Consuming Insecticides,Male,45-59,657,76210.0,0.00862091589030311
Andhra Pradesh,2001,By Consuming Insecticides,Male,60+,149,76210.0,0.0019551239994751346
Andhra Pradesh,2002,By Consuming Insecticides,Male,0-14,30,77047.1,0.00038937221517746935
Andhra Pradesh,2002,By Consuming Insecticides,Male,15-29,759,77047.1,0.009851117043989974
Andhra Pradesh,2002,By Consuming Insecticides,Male,30-44,900,77047.1,0.01168116645532408
Andhra Pradesh,2002,By Consuming Insecticides,Male,45-59,694,77047.1,0.00900747724443879
Andhra Pradesh,2002,By Consuming Insecticides,Male,60+,138,77047.1,0.001791112189816359
Andhra Pradesh,2003,By Consuming Insecticides,Male,0-14,52,77884.20000000001,0.0006676578818296906
Andhra Pradesh,2003,By Consuming Insecticides,Male,15-29,861,77884.20000000001,0.011054873774141608
Andhra Pradesh,2003,By Consuming Insecticides,Male,30-44,1164,77884.20000000001,0.014945264893264613
Andhra Pradesh,2003,By Consuming Insecticides,Male,45-59,634,77884.20000000001,0.008140290328461997
Andhra Pradesh,2003,By Consuming Insecticides,Male,60+,181,77884.20000000001,0.002323963011753346
Andhra Pradesh,2004,By Consuming Insecticides,Male,0-14,30,78721.30000000002,0.0003810912675476649
Andhra Pradesh,2004,By Consuming Insecticides,Male,15-29,946,78721.30000000002,0.012017077970003034
Andhra Pradesh,2004,By Consuming Insecticides,Male,30-44,1267,78721.30000000002,0.01609475453276305
Andhra Pradesh,2004,By Consuming Insecticides,Male,45-59,822,78721.30000000002,0.010441900730806019
Andhra Pradesh,2004,By Consuming Insecticides,Male,60+,297,78721.30000000002,0.0037728035487218825
Andhra Pradesh,2005,By Consuming Insecticides,Male,0-14,39,79558.40000000002,0.0004902059367709756
Andhra Pradesh,2005,By Consuming Insecticides,Male,15-29,1050,79558.40000000002,0.01319785214383396
Andhra Pradesh,2005,By Consuming Insecticides,Male,30-44,1356,79558.40000000002,0.017044083340037
Andhra Pradesh,2005,By Consuming Insecticides,Male,45-59,934,79558.40000000002,0.01173980371651516
Andhra Pradesh,2005,By Consuming Insecticides,Male,60+,334,79558.40000000002,0.004198173920038612
Andhra Pradesh,2006,By Consuming Insecticides,Male,0-14,36,80395.50000000003,0.0004477862566934715
Andhra Pradesh,2006,By Consuming Insecticides,Male,15-29,1077,80395.50000000003,0.013396272179413022
Andhra Pradesh,2006,By Consuming Insecticides,Male,30-44,1442,80395.50000000003,0.01793632728199961
Andhra Pradesh,2006,By Consuming Insecticides,Male,45-59,858,80395.50000000003,0.01067223911786107
Andhra Pradesh,2006,By Consuming Insecticides,Male,60+,233,80395.50000000003,0.0028981721613771903
Andhra Pradesh,2007,By Consuming Insecticides,Male,0-14,40,81232.60000000003,0.0004924131444764784
Andhra Pradesh,2007,By Consuming Insecticides,Male,15-29,995,81232.60000000003,0.0122487769688524
Andhra Pradesh,2007,By Consuming Insecticides,Male,30-44,1326,81232.60000000003,0.01632349573939526
Andhra Pradesh,2007,By Consuming Insecticides,Male,45-59,885,81232.60000000003,0.010894640821542085
Andhra Pradesh,2007,By Consuming Insecticides,Male,60+,453,81232.60000000003,0.005576578861196118
Andhra Pradesh,2008,By Consuming Insecticides,Male,0-14,31,82069.70000000004,0.0003777277119326619
Andhra Pradesh,2008,By Consuming Insecticides,Male,15-29,1005,82069.70000000004,0.012245688725558878
Andhra Pradesh,2008,By Consuming Insecticides,Male,30-44,1328,82069.70000000004,0.016181367788599195
Andhra Pradesh,2008,By Consuming Insecticides,Male,45-59,815,82069.70000000004,0.009930583394358693
Andhra Pradesh,2008,By Consuming Insecticides,Male,60+,310,82069.70000000004,0.0037772771193266192
Andhra Pradesh,2009,By Consuming Insecticides,Male,0-14,13,82906.80000000005,0.0001568025783168569
Andhra Pradesh,2009,By Consuming Insecticides,Male,15-29,814,82906.80000000005,0.009818253749993964
Andhra Pradesh,2009,By Consuming Insecticides,Male,30-44,1322,82906.80000000005,0.015945616041144986
Andhra Pradesh,2009,By Consuming Insecticides,Male,45-59,862,82906.80000000005,0.010397217116086974
Andhra Pradesh,2009,By Consuming Insecticides,Male,60+,300,82906.80000000005,0.0036185210380813133
Andhra Pradesh,2010,By Consuming Insecticides,Male,0-14,27,83743.90000000005,0.00032241154281087913
Andhra Pradesh,2010,By Consuming Insecticides,Male,15-29,1187,83743.90000000005,0.014174166715426428
Andhra Pradesh,2010,By Consuming Insecticides,Male,30-44,1231,83743.90000000005,0.014699578118525639
Andhra Pradesh,2010,By Consuming Insecticides,Male,45-59,817,83743.90000000005,0.009755934462092159
Andhra Pradesh,2010,By Consuming Insecticides,Male,60+,208,83743.90000000005,0.002483762996468995
Andhra Pradesh,2011,By Consuming Insecticides,Male,0-14,31,84581.00000000006,0.0003665125737458765
Andhra Pradesh,2011,By Consuming Insecticides,Male,15-29,785,84581.00000000006,0.009281044206145582
Andhra Pradesh,2011,By Consuming Insecticides,Male,30-44,1022,84581.00000000006,0.012083091947364058
Andhra Pradesh,2011,By Consuming Insecticides,Male,45-59,700,84581.00000000006,0.008276090374906888
Andhra Pradesh,2011,By Consuming Insecticides,Male,60+,286,84581.00000000006,0.0033813740674619574
Andhra Pradesh,2012,By Consuming Insecticides,Male,0-14,11,85418.10000000006,0.00012877832684173485
Andhra Pradesh,2012,By Consuming Insecticides,Male,15-29,716,85418.10000000006,0.008382298365334741
Andhra Pradesh,2012,By Consuming Insecticides,Male,30-44,953,85418.10000000006,0.011156885952743029
Andhra Pradesh,2012,By Consuming Insecticides,Male,45-59,611,85418.10000000006,0.0071530507000272725
Andhra Pradesh,2012,By Consuming Insecticides,Male,60+,192,85418.10000000006,0.002247767159419372
Assam,2001,By Consuming Insecticides,Male,15-29,15,26656.0,0.0005627250900360144
Assam,2001,By Consuming Insecticides,Male,30-44,1,26656.0,3.751500600240096e-05
Assam,2001,By Consuming Insecticides,Male,45-59,2,26656.0,7.503001200480192e-05
Assam,2002,By Consuming Insecticides,Male,0-14,2,27111.0,7.377079414259895e-05
Assam,2002,By Consuming Insecticides,Male,15-29,18,27111.0,0.0006639371472833905
Assam,2002,By Consuming Insecticides,Male,30-44,17,27111.0,0.000627051750212091
Assam,2002,By Consuming Insecticides,Male,45-59,2,27111.0,7.377079414259895e-05
Assam,2003,By Consuming Insecticides,Male,0-14,3,27566.0,0.00010882971776826526
Assam,2003,By Consuming Insecticides,Male,15-29,19,27566.0,0.0006892548791990133
Assam,2003,By Consuming Insecticides,Male,30-44,11,27566.0,0.0003990422984836393
Assam,2003,By Consuming Insecticides,Male,45-59,1,27566.0,3.627657258942175e-05
Assam,2004,By Consuming Insecticides,Male,15-29,5,28021.0,0.00017843760037115021
Assam,2004,By Consuming Insecticides,Male,30-44,2,28021.0,7.137504014846008e-05
Assam,2004,By Consuming Insecticides,Male,45-59,1,28021.0,3.568752007423004e-05
Assam,2004,By Consuming Insecticides,Male,60+,1,28021.0,3.568752007423004e-05
Assam,2005,By Consuming Insecticides,Male,15-29,1,28476.0,3.5117291754459895e-05
Assam,2005,By Consuming Insecticides,Male,30-44,1,28476.0,3.5117291754459895e-05
Assam,2006,By Consuming Insecticides,Male,15-29,5,28931.0,0.00017282499740762505
Assam,2006,By Consuming Insecticides,Male,30-44,6,28931.0,0.00020738999688915005
Assam,2006,By Consuming Insecticides,Male,45-59,1,28931.0,3.4564999481525006e-05
Assam,2007,By Consuming Insecticides,Male,0-14,1,29386.0,3.402981011365957e-05
Assam,2007,By Consuming Insecticides,Male,15-29,12,29386.0,0.00040835772136391476
Assam,2007,By Consuming Insecticides,Male,30-44,15,29386.0,0.0005104471517048935
Assam,2007,By Consuming Insecticides,Male,45-59,6,29386.0,0.00020417886068195738
Assam,2007,By Consuming Insecticides,Male,60+,1,29386.0,3.402981011365957e-05
Assam,2008,By Consuming Insecticides,Male,15-29,19,29841.0,0.0006367078851244932
Assam,2008,By Consuming Insecticides,Male,30-44,16,29841.0,0.0005361750611574679
Assam,2008,By Consuming Insecticides,Male,45-59,2,29841.0,6.702188264468349e-05
Assam,2009,By Consuming Insecticides,Male,0-14,1,30296.0,3.300765777660417e-05
Assam,2009,By Consuming Insecticides,Male,15-29,9,30296.0,0.00029706891998943755
Assam,2009,By Consuming Insecticides,Male,30-44,9,30296.0,0.00029706891998943755
Assam,2009,By Consuming Insecticides,Male,45-59,2,30296.0,6.601531555320834e-05
Assam,2009,By Consuming Insecticides,Male,60+,1,30296.0,3.300765777660417e-05
Assam,2010,By Consuming Insecticides,Male,15-29,9,30751.0,0.00029267340899482945
Assam,2010,By Consuming Insecticides,Male,30-44,3,30751.0,9.755780299827648e-05
Assam,2010,By Consuming Insecticides,Male,45-59,6,30751.0,0.00019511560599655295
Assam,2011,By Consuming Insecticides,Male,0-14,1,31206.0,3.204511952829584e-05
Assam,2011,By Consuming Insecticides,Male,15-29,9,31206.0,0.0002884060757546626
Assam,2011,By Consuming Insecticides,Male,30-44,11,31206.0,0.00035249631481125426
Assam,2011,By Consuming Insecticides,Male,45-59,2,31206.0,6.409023905659168e-05
Assam,2012,By Consuming Insecticides,Male,15-29,9,31661.0,0.00028426139414421527
Assam,2012,By Consuming Insecticides,Male,30-44,10,31661.0,0.00031584599349357255
Assam,2012,By Consuming Insecticides,Male,45-59,2,31661.0,6.316919869871451e-05
Gujarat,2001,By Consuming Insecticides,Male,0-14,11,50671.0,0.0002170866965325334
Gujarat,2001,By Consuming Insecticides,Male,15-29,282,50671.0,0.005565313492924947
Gujarat,2001,By Consuming Insecticides,Male,30-44,197,50671.0,0.003887825383355371
Gujarat,2001,By Consuming Insecticides,Male,45-59,101,50671.0,0.001993250577253261
Gujarat,2001,By Consuming Insecticides,Male,60+,22,50671.0,0.0004341733930650668
Gujarat,2002,By Consuming Insecticides,Male,0-14,7,51647.9,0.00013553310008732205
Gujarat,2002,By Consuming Insecticides,Male,15-29,241,51647.9,0.004666211017292087
Gujarat,2002,By Consuming Insecticides,Male,30-44,229,51647.9,0.004433868559999535
Gujarat,2002,By Consuming Insecticides,Male,45-59,122,51647.9,0.002362148315807613
Gujarat,2002,By Consuming Insecticides,Male,60+,31,51647.9,0.0006002180146724262
Gujarat,2003,By Consuming Insecticides,Male,0-14,3,52624.8,5.700734254571988e-05
Gujarat,2003,By Consuming Insecticides,Male,15-29,259,52624.8,0.00492163390644715
Gujarat,2003,By Consuming Insecticides,Male,30-44,217,52624.8,0.004123531110807072
Gujarat,2003,By Consuming Insecticides,Male,45-59,131,52624.8,0.002489320624496435
Gujarat,2003,By Consuming Insecticides,Male,60+,36,52624.8,0.0006840881105486386
Gujarat,2004,By Consuming Insecticides,Male,0-14,3,53601.700000000004,5.596837413738743e-05
Gujarat,2004,By Consuming Insecticides,Male,15-29,252,53601.700000000004,0.004701343427540544
Gujarat,2004,By Consuming Insecticides,Male,30-44,224,53601.700000000004,0.004178971935591595
Gujarat,2004,By Consuming Insecticides,Male,45-59,151,53601.700000000004,0.002817074831581834
Gujarat,2004,By Consuming Insecticides,Male,60+,57,53601.700000000004,0.0010633991086103612
Gujarat,2005,By Consuming Insecticides,Male,0-14,6,54578.600000000006,0.00010993319726046471
Gujarat,2005,By Consuming Insecticides,Male,15-29,192,54578.600000000006,0.0035178623123348707
Gujarat,2005,By Consuming Insecticides,Male,30-44,174,54578.600000000006,0.0031880627205534764
Gujarat,2005,By Consuming Insecticides,Male,45-59,117,54578.600000000006,0.002143697346579062
Gujarat,2005,By Consuming Insecticides,Male,60+,39,54578.600000000006,0.0007145657821930207
Gujarat,2006,By Consuming Insecticides,Male,0-14,9,55555.50000000001,0.000162000162000162
Gujarat,2006,By Consuming Insecticides,Male,15-29,244,55555.50000000001,0.004392004392004391
Gujarat,2006,By Consuming Insecticides,Male,30-44,297,55555.50000000001,0.005346005346005345
Gujarat,2006,By Consuming Insecticides,Male,45-59,179,55555.50000000001,0.0032220032220032216
Gujarat,2006,By Consuming Insecticides,Male,60+,64,55555.50000000001,0.0011520011520011518
Gujarat,2007,By Consuming Insecticides,Male,0-14,8,56532.40000000001,0.00014151177024148982
Gujarat,2007,By Consuming Insecticides,Male,15-29,280,56532.40000000001,0.004952911958452143
Gujarat,2007,By Consuming Insecticides,Male,30-44,296,56532.40000000001,0.005235935498935123
Gujarat,2007,By Consuming Insecticides,Male,45-59,181,56532.40000000001,0.003201703801713707
Gujarat,2007,By Consuming Insecticides,Male,60+,80,56532.40000000001,0.0014151177024148982
Gujarat,2008,By Consuming Insecticides,Male,0-14,5,57509.30000000001,8.694245974129401e-05
Gujarat,2008,By Consuming Insecticides,Male,15-29,310,57509.30000000001,0.005390432503960228
Gujarat,2008,By Consuming Insecticides,Male,30-44,362,57509.30000000001,0.006294634085269686
Gujarat,2008,By Consuming Insecticides,Male,45-59,190,57509.30000000001,0.003303813470169172
Gujarat,2008,By Consuming Insecticides,Male,60+,62,57509.30000000001,0.0010780865007920457
Gujarat,2009,By Consuming Insecticides,Male,0-14,5,58486.20000000001,8.549025240142117e-05
Gujarat,2009,By Consuming Insecticides,Male,15-29,295,58486.20000000001,0.005043924891683849
Gujarat,2009,By Consuming Insecticides,Male,30-44,323,58486.20000000001,0.005522670305131808
Gujarat,2009,By Consuming Insecticides,Male,45-59,157,58486.20000000001,0.0026843939254046247
Gujarat,2009,By Consuming Insecticides,Male,60+,73,58486.20000000001,0.0012481576850607492
Gujarat,2010,By Consuming Insecticides,Male,0-14,8,59463.10000000001,0.00013453721719856513
Gujarat,2010,By Consuming Insecticides,Male,15-29,372,59463.10000000001,0.006255980599733278
Gujarat,2010,By Consuming Insecticides,Male,30-44,376,59463.10000000001,0.006323249208332561
Gujarat,2010,By Consuming Insecticides,Male,45-59,196,59463.10000000001,0.0032961618213648456
Gujarat,2010,By Consuming Insecticides,Male,60+,79,59463.10000000001,0.0013285550198358306
Gujarat,2011,By Consuming Insecticides,Male,0-14,7,60440.000000000015,0.00011581733951025808
Gujarat,2011,By Consuming Insecticides,Male,15-29,389,60440.000000000015,0.006436135009927199
Gujarat,2011,By Consuming Insecticides,Male,30-44,370,60440.000000000015,0.006121773659827927
Gujarat,2011,By Consuming Insecticides,Male,45-59,221,60440.000000000015,0.0036565188616810053
Gujarat,2011,By Consuming Insecticides,Male,60+,80,60440.000000000015,0.0013236267372600924
Gujarat,2012,By Consuming Insecticides,Male,0-14,8,61416.900000000016,0.00013025730702787014
Gujarat,2012,By Consuming Insecticides,Male,15-29,433,61416.900000000016,0.007050176742883472
Gujarat,2012,By Consuming Insecticides,Male,30-44,472,61416.900000000016,0.007685181114644338
Gujarat,2012,By Consuming Insecticides,Male,45-59,278,61416.900000000016,0.004526441419218487
Gujarat,2012,By Consuming Insecticides,Male,60+,94,61416.900000000016,0.0015305233575774741
Haryana,2001,By Consuming Insecticides,Male,0-14,8,21145.0,0.0003783400331047529
Haryana,2001,By Consuming Insecticides,Male,15-29,93,21145.0,0.004398202884842752
Haryana,2001,By Consuming Insecticides,Male,30-44,64,21145.0,0.003026720264838023
Haryana,2001,By Consuming Insecticides,Male,45-59,27,21145.0,0.001276897611728541
Haryana,2001,By Consuming Insecticides,Male,60+,15,21145.0,0.0007093875620714117
Haryana,2002,By Consuming Insecticides,Male,0-14,4,21565.6,0.00018548058018325484
Haryana,2002,By Consuming Insecticides,Male,15-29,71,21565.6,0.003292280298252773
Haryana,2002,By Consuming Insecticides,Male,30-44,41,21565.6,0.001901175946878362
Haryana,2002,By Consuming Insecticides,Male,45-59,18,21565.6,0.0008346626108246467
Haryana,2002,By Consuming Insecticides,Male,60+,11,21565.6,0.0005100715955039508
Haryana,2003,By Consuming Insecticides,Male,0-14,3,21986.199999999997,0.00013644922724254305
Haryana,2003,By Consuming Insecticides,Male,15-29,123,21986.199999999997,0.005594418316944265
Haryana,2003,By Consuming Insecticides,Male,30-44,126,21986.199999999997,0.005730867544186809
Haryana,2003,By Consuming Insecticides,Male,45-59,49,21986.199999999997,0.0022286707116282033
Haryana,2003,By Consuming Insecticides,Male,60+,13,21986.199999999997,0.0005912799847176866
Haryana,2004,By Consuming Insecticides,Male,0-14,3,22406.799999999996,0.00013388792687934022
Haryana,2004,By Consuming Insecticides,Male,15-29,81,22406.799999999996,0.003614974025742186
Haryana,2004,By Consuming Insecticides,Male,30-44,93,22406.799999999996,0.004150525733259547
Haryana,2004,By Consuming Insecticides,Male,45-59,30,22406.799999999996,0.0013388792687934023
Haryana,2004,By Consuming Insecticides,Male,60+,12,22406.799999999996,0.0005355517075173609
Haryana,2005,By Consuming Insecticides,Male,0-14,1,22827.399999999994,4.380700386377775e-05
Haryana,2005,By Consuming Insecticides,Male,15-29,40,22827.399999999994,0.0017522801545511101
Haryana,2005,By Consuming Insecticides,Male,30-44,39,22827.399999999994,0.0017084731506873323
Haryana,2005,By Consuming Insecticides,Male,45-59,11,22827.399999999994,0.00048187704250155525
Haryana,2005,By Consuming Insecticides,Male,60+,3,22827.399999999994,0.00013142101159133325
Haryana,2006,By Consuming Insecticides,Male,0-14,2,23247.999999999993,8.602890571231936e-05
Haryana,2006,By Consuming Insecticides,Male,15-29,83,23247.999999999993,0.003570199587061254
Haryana,2006,By Consuming Insecticides,Male,30-44,81,23247.999999999993,0.0034841706813489343
Haryana,2006,By Consuming Insecticides,Male,45-59,30,23247.999999999993,0.0012904335856847905
Haryana,2006,By Consuming Insecticides,Male,60+,5,23247.999999999993,0.0002150722642807984
Haryana,2007,By Consuming Insecticides,Male,0-14,5,23668.59999999999,0.0002112503485630752
Haryana,2007,By Consuming Insecticides,Male,15-29,85,23668.59999999999,0.0035912559255722783
Haryana,2007,By Consuming Insecticides,Male,30-44,128,23668.59999999999,0.005408008923214725
Haryana,2007,By Consuming Insecticides,Male,45-59,52,23668.59999999999,0.002197003625055982
Haryana,2007,By Consuming Insecticides,Male,60+,17,23668.59999999999,0.0007182511851144557
Haryana,2008,By Consuming Insecticides,Male,15-29,65,24089.19999999999,0.002698304634441992
Haryana,2008,By Consuming Insecticides,Male,30-44,57,24089.19999999999,0.0023662056025106695
Haryana,2008,By Consuming Insecticides,Male,45-59,28,24089.19999999999,0.0011623466117596272
Haryana,2008,By Consuming Insecticides,Male,60+,4,24089.19999999999,0.00016604951596566102
Haryana,2009,By Consuming Insecticides,Male,0-14,1,24509.79999999999,4.080000652800106e-05
Haryana,2009,By Consuming Insecticides,Male,15-29,61,24509.79999999999,0.002488800398208065
Haryana,2009,By Consuming Insecticides,Male,30-44,64,24509.79999999999,0.002611200417792068
Haryana,2009,By Consuming Insecticides,Male,45-59,27,24509.79999999999,0.0011016001762560288
Haryana,2009,By Consuming Insecticides,Male,60+,4,24509.79999999999,0.00016320002611200425
Haryana,2010,By Consuming Insecticides,Male,0-14,1,24930.399999999987,4.0111670891762686e-05
Haryana,2010,By Consuming Insecticides,Male,15-29,81,24930.399999999987,0.0032490453422327776
Haryana,2010,By Consuming Insecticides,Male,30-44,80,24930.399999999987,0.003208933671341015
Haryana,2010,By Consuming Insecticides,Male,45-59,57,24930.399999999987,0.002286365240830473
Haryana,2010,By Consuming Insecticides,Male,60+,9,24930.399999999987,0.0003610050380258642
Haryana,2011,By Consuming Insecticides,Male,15-29,88,25350.999999999985,0.0034712634610074575
Haryana,2011,By Consuming Insecticides,Male,30-44,78,25350.999999999985,0.0030768017040747916
Haryana,2011,By Consuming Insecticides,Male,45-59,35,25350.999999999985,0.0013806161492643297
Haryana,2011,By Consuming Insecticides,Male,60+,4,25350.999999999985,0.00015778470277306626
Haryana,2012,By Consuming Insecticides,Male,15-29,80,25771.599999999984,0.003104192211581743
Haryana,2012,By Consuming Insecticides,Male,30-44,81,25771.599999999984,0.003142994614226515
Haryana,2012,By Consuming Insecticides,Male,45-59,35,25771.599999999984,0.0013580840925670125
Haryana,2012,By Consuming Insecticides,Male,60+,7,25771.599999999984,0.00027161681851340253
Karnataka,2001,By Consuming Insecticides,Male,0-14,9,52851.0,0.00017029006073678832
Karnataka,2001,By Consuming Insecticides,Male,15-29,297,52851.0,0.005619572004314015
Karnataka,2001,By Consuming Insecticides,Male,30-44,354,52851.0,0.0066980757223136745
Karnataka,2001,By Consuming Insecticides,Male,45-59,237,52851.0,0.004484304932735426
Karnataka,2001,By Consuming Insecticides,Male,60+,102,52851.0,0.001929954021683601
Karnataka,2002,By Consuming Insecticides,Male,0-14,10,53675.4,0.00018630508575623097
Karnataka,2002,By Consuming Insecticides,Male,15-29,244,53675.4,0.004545844092452036
Karnataka,2002,By Consuming Insecticides,Male,30-44,368,53675.4,0.0068560271558293
Karnataka,2002,By Consuming Insecticides,Male,45-59,211,53675.4,0.0039310373094564735
Karnataka,2002,By Consuming Insecticides,Male,60+,121,53675.4,0.0022542915376503945
Karnataka,2003,By Consuming Insecticides,Male,0-14,10,54499.8,0.0001834869118785757
Karnataka,2003,By Consuming Insecticides,Male,15-29,434,54499.8,0.007963331975530185
Karnataka,2003,By Consuming Insecticides,Male,30-44,494,54499.8,0.009064253446801639
Karnataka,2003,By Consuming Insecticides,Male,45-59,282,54499.8,0.005174330914975834
Karnataka,2003,By Consuming Insecticides,Male,60+,87,54499.8,0.0015963361333436086
Karnataka,2004,By Consuming Insecticides,Male,0-14,17,55324.200000000004,0.0003072796353132987
Karnataka,2004,By Consuming Insecticides,Male,15-29,273,55324.200000000004,0.004934549437678267
Karnataka,2004,By Consuming Insecticides,Male,30-44,278,55324.200000000004,0.0050249258010057075
Karnataka,2004,By Consuming Insecticides,Male,45-59,173,55324.200000000004,0.0031270221711294515
Karnataka,2004,By Consuming Insecticides,Male,60+,80,55324.200000000004,0.0014460218132390525
Karnataka,2005,By Consuming Insecticides,Male,0-14,4,56148.600000000006,7.12395322412313e-05
Karnataka,2005,By Consuming Insecticides,Male,15-29,197,56148.600000000006,0.0035085469628806415
Karnataka,2005,By Consuming Insecticides,Male,30-44,232,56148.600000000006,0.004131892869991416
Karnataka,2005,By Consuming Insecticides,Male,45-59,189,56148.600000000006,0.0033660678983981787
Karnataka,2005,By Consuming Insecticides,Male,60+,68,56148.600000000006,0.001211072048100932
Karnataka,2006,By Consuming Insecticides,Male,0-14,9,56973.00000000001,0.0001579695645305671
Karnataka,2006,By Consuming Insecticides,Male,15-29,233,56973.00000000001,0.004089656503958015
Karnataka,2006,By Consuming Insecticides,Male,30-44,280,56973.00000000001,0.00491460867428431
Karnataka,2006,By Consuming Insecticides,Male,45-59,222,56973.00000000001,0.0038965825917539883
Karnataka,2006,By Consuming Insecticides,Male,60+,106,56973.00000000001,0.0018605304266933458
Karnataka,2007,By Consuming Insecticides,Male,0-14,10,57797.40000000001,0.00017301816344679862
Karnataka,2007,By Consuming Insecticides,Male,15-29,150,57797.40000000001,0.0025952724517019792
Karnataka,2007,By Consuming Insecticides,Male,30-44,193,57797.40000000001,0.003339250554523213
Karnataka,2007,By Consuming Insecticides,Male,45-59,130,57797.40000000001,0.002249236124808382
Karnataka,2007,By Consuming Insecticides,Male,60+,46,57797.40000000001,0.0007958835518552737
Karnataka,2008,By Consuming Insecticides,Male,0-14,3,58621.80000000001,5.1175501264034875e-05
Karnataka,2008,By Consuming Insecticides,Male,15-29,212,58621.80000000001,0.003616402089325131
Karnataka,2008,By Consuming Insecticides,Male,30-44,334,58621.80000000001,0.005697539140729216
Karnataka,2008,By Consuming Insecticides,Male,45-59,216,58621.80000000001,0.003684636091010511
Karnataka,2008,By Consuming Insecticides,Male,60+,93,58621.80000000001,0.001586440539185081
Karnataka,2009,By Consuming Insecticides,Male,0-14,6,59446.20000000001,0.00010093159865559108
Karnataka,2009,By Consuming Insecticides,Male,15-29,187,59446.20000000001,0.003145701491432589
Karnataka,2009,By Consuming Insecticides,Male,30-44,317,59446.20000000001,0.005332552795637062
Karnataka,2009,By Consuming Insecticides,Male,45-59,215,59446.20000000001,0.003616715618492014
Karnataka,2009,By Consuming Insecticides,Male,60+,80,59446.20000000001,0.0013457546487412144
Karnataka,2010,By Consuming Insecticides,Male,0-14,17,60270.60000000001,0.0002820612371537698
Karnataka,2010,By Consuming Insecticides,Male,15-29,236,60270.60000000001,0.0039156736451935095
Karnataka,2010,By Consuming Insecticides,Male,30-44,291,60270.60000000001,0.0048282247065733535
Karnataka,2010,By Consuming Insecticides,Male,45-59,165,60270.60000000001,0.00273765318413953
Karnataka,2010,By Consuming Insecticides,Male,60+,78,60270.60000000001,0.0012941633234114143
Karnataka,2011,By Consuming Insecticides,Male,0-14,1,61095.000000000015,1.6367951550863404e-05
Karnataka,2011,By Consuming Insecticides,Male,15-29,229,61095.000000000015,0.00374826090514772
Karnataka,2011,By Consuming Insecticides,Male,30-44,209,61095.000000000015,0.0034209018741304517
Karnataka,2011,By Consuming Insecticides,Male,45-59,151,61095.000000000015,0.002471560684180374
Karnataka,2011,By Consuming Insecticides,Male,60+,87,61095.000000000015,0.0014240117849251162
Karnataka,2012,By Consuming Insecticides,Male,0-14,1,61919.400000000016,1.6150027293546122e-05
Karnataka,2012,By Consuming Insecticides,Male,15-29,164,61919.400000000016,0.002648604476141564
Karnataka,2012,By Consuming Insecticides,Male,30-44,125,61919.400000000016,0.0020187534116932653
Karnataka,2012,By Consuming Insecticides,Male,45-59,114,61919.400000000016,0.001841103111464258
Karnataka,2012,By Consuming Insecticides,Male,60+,46,61919.400000000016,0.0007429012555031216
Kerala,2001,By Consuming Insecticides,Male,0-14,9,31841.0,0.0002826544392449986
Kerala,2001,By Consuming Insecticides,Male,15-29,197,31841.0,0.006186991614584969
Kerala,2001,By Consuming Insecticides,Male,30-44,453,31841.0,0.014226940108664928
Kerala,2001,By Consuming Insecticides,Male,45-59,537,31841.0,0.016865048208284914
Kerala,2001,By Consuming Insecticides,Male,60+,328,31841.0,0.010301184008039949
Kerala,2002,By Consuming Insecticides,Male,0-14,10,31997.5,0.00031252441596999766
Kerala,2002,By Consuming Insecticides,Male,15-29,229,31997.5,0.007156809125712946
Kerala,2002,By Consuming Insecticides,Male,30-44,459,31997.5,0.014344870693022892
Kerala,2002,By Consuming Insecticides,Male,45-59,478,31997.5,0.014938667083365888
Kerala,2002,By Consuming Insecticides,Male,60+,261,31997.5,0.008156887256816939
Kerala,2003,By Consuming Insecticides,Male,0-14,4,32154.0,0.00012440131865397772
Kerala,2003,By Consuming Insecticides,Male,15-29,242,32154.0,0.007526279778565653
Kerala,2003,By Consuming Insecticides,Male,30-44,432,32154.0,0.013435342414629596
Kerala,2003,By Consuming Insecticides,Male,45-59,502,32154.0,0.015612365491074205
Kerala,2003,By Consuming Insecticides,Male,60+,359,32154.0,0.011165018349194502
Kerala,2004,By Consuming Insecticides,Male,0-14,6,32310.5,0.00018569814766097707
Kerala,2004,By Consuming Insecticides,Male,15-29,168,32310.5,0.005199548134507358
Kerala,2004,By Consuming Insecticides,Male,30-44,408,32310.5,0.012627474040946442
Kerala,2004,By Consuming Insecticides,Male,45-59,472,32310.5,0.01460825428266353
Kerala,2004,By Consuming Insecticides,Male,60+,246,32310.5,0.007613624054100061
Kerala,2005,By Consuming Insecticides,Male,0-14,7,32467.0,0.00021560353589798872
Kerala,2005,By Consuming Insecticides,Male,15-29,220,32467.0,0.0067761111282225025
Kerala,2005,By Consuming Insecticides,Male,30-44,438,32467.0,0.013490621246188437
Kerala,2005,By Consuming Insecticides,Male,45-59,562,32467.0,0.017309883882095665
Kerala,2005,By Consuming Insecticides,Male,60+,289,32467.0,0.008901345982074106
Kerala,2006,By Consuming Insecticides,Male,0-14,6,32623.5,0.0001839165019081337
Kerala,2006,By Consuming Insecticides,Male,15-29,151,32623.5,0.004628565298021365
Kerala,2006,By Consuming Insecticides,Male,30-44,280,32623.5,0.008582770089046239
Kerala,2006,By Consuming Insecticides,Male,45-59,465,32623.5,0.014253528897880362
Kerala,2006,By Consuming Insecticides,Male,60+,270,32623.5,0.008276242585866017
Kerala,2007,By Consuming Insecticides,Male,0-14,4,32780.0,0.00012202562538133008
Kerala,2007,By Consuming Insecticides,Male,15-29,133,32780.0,0.004057352043929225
Kerala,2007,By Consuming Insecticides,Male,30-44,293,32780.0,0.008938377059182429
Kerala,2007,By Consuming Insecticides,Male,45-59,388,32780.0,0.011836485661989018
Kerala,2007,By Consuming Insecticides,Male,60+,204,32780.0,0.006223306894447834
Kerala,2008,By Consuming Insecticides,Male,15-29,119,32936.5,0.0036130129187982936
Kerala,2008,By Consuming Insecticides,Male,30-44,295,32936.5,0.008956628664247871
Kerala,2008,By Consuming Insecticides,Male,45-59,438,32936.5,0.013298316457425652
Kerala,2008,By Consuming Insecticides,Male,60+,220,32936.5,0.0066795196818119715
Kerala,2009,By Consuming Insecticides,Male,0-14,4,33093.0,0.00012087148339527997
Kerala,2009,By Consuming Insecticides,Male,15-29,122,33093.0,0.003686580243556039
Kerala,2009,By Consuming Insecticides,Male,30-44,357,33093.0,0.010787779893028737
Kerala,2009,By Consuming Insecticides,Male,45-59,440,33093.0,0.013295863173480797
Kerala,2009,By Consuming Insecticides,Male,60+,180,33093.0,0.005439216752787599
Kerala,2010,By Consuming Insecticides,Male,0-14,4,33249.5,0.00012030256094076603
Kerala,2010,By Consuming Insecticides,Male,15-29,106,33249.5,0.0031880178649302997
Kerala,2010,By Consuming Insecticides,Male,30-44,273,33249.5,0.008210649784207281
Kerala,2010,By Consuming Insecticides,Male,45-59,442,33249.5,0.013293432983954646
Kerala,2010,By Consuming Insecticides,Male,60+,217,33249.5,0.006526413931036557
Kerala,2011,By Consuming Insecticides,Male,0-14,2,33406.0,5.986948452373825e-05
Kerala,2011,By Consuming Insecticides,Male,15-29,90,33406.0,0.0026941268035682213
Kerala,2011,By Consuming Insecticides,Male,30-44,214,33406.0,0.006406034844039993
Kerala,2011,By Consuming Insecticides,Male,45-59,357,33406.0,0.010686702987487277
Kerala,2011,By Consuming Insecticides,Male,60+,186,33406.0,0.0055678620607076575
Kerala,2012,By Consuming Insecticides,Male,0-14,2,33562.5,5.9590316573556795e-05
Kerala,2012,By Consuming Insecticides,Male,15-29,74,33562.5,0.0022048417132216015
Kerala,2012,By Consuming Insecticides,Male,30-44,162,33562.5,0.0048268156424581005
Kerala,2012,By Consuming Insecticides,Male,45-59,285,33562.5,0.008491620111731844
Kerala,2012,By Consuming Insecticides,Male,60+,163,33562.5,0.004856610800744879
Madhya Pradesh,2001,By Consuming Insecticides,Male,0-14,16,60348.0,0.00026512891893683304
Madhya Pradesh,2001,By Consuming Insecticides,Male,15-29,410,60348.0,0.006793928547756347
Madhya Pradesh,2001,By Consuming Insecticides,Male,30-44,310,60348.0,0.00513687280440114
Madhya Pradesh,2001,By Consuming Insecticides,Male,45-59,147,60348.0,0.0024358719427321537
Madhya Pradesh,2001,By Consuming Insecticides,Male,60+,64,60348.0,0.0010605156757473322
Madhya Pradesh,2002,By Consuming Insecticides,Male,0-14,27,61575.9,0.0004384832377602276
Madhya Pradesh,2002,By Consuming Insecticides,Male,15-29,536,61575.9,0.00870470427553637
Madhya Pradesh,2002,By Consuming Insecticides,Male,30-44,353,61575.9,0.00573276233071705
Madhya Pradesh,2002,By Consuming Insecticides,Male,45-59,161,61575.9,0.0026146593066443203
Madhya Pradesh,2002,By Consuming Insecticides,Male,60+,62,61575.9,0.0010068874348568189
Madhya Pradesh,2003,By Consuming Insecticides,Male,0-14,22,62803.8,0.0003502972750056525
Madhya Pradesh,2003,By Consuming Insecticides,Male,15-29,444,62803.8,0.007069635913750441
Madhya Pradesh,2003,By Consuming Insecticides,Male,30-44,402,62803.8,0.0064008865705578325
Madhya Pradesh,2003,By Consuming Insecticides,Male,45-59,149,62803.8,0.0023724679079928286
Madhya Pradesh,2003,By Consuming Insecticides,Male,60+,64,62803.8,0.001019046618198262
Madhya Pradesh,2004,By Consuming Insecticides,Male,0-14,31,64031.700000000004,0.0004841352017828669
Madhya Pradesh,2004,By Consuming Insecticides,Male,15-29,490,64031.700000000004,0.007652459641084025
Madhya Pradesh,2004,By Consuming Insecticides,Male,30-44,324,64031.700000000004,0.005059993721859641
Madhya Pradesh,2004,By Consuming Insecticides,Male,45-59,154,64031.700000000004,0.0024050587443406935
Madhya Pradesh,2004,By Consuming Insecticides,Male,60+,90,64031.700000000004,0.001405553811627678
Madhya Pradesh,2005,By Consuming Insecticides,Male,0-14,17,65259.600000000006,0.00026049807231426483
Madhya Pradesh,2005,By Consuming Insecticides,Male,15-29,294,65259.600000000006,0.004505084309434933
Madhya Pradesh,2005,By Consuming Insecticides,Male,30-44,202,65259.600000000006,0.003095330035734206
Madhya Pradesh,2005,By Consuming Insecticides,Male,45-59,93,65259.600000000006,0.0014250776897192137
Madhya Pradesh,2005,By Consuming Insecticides,Male,60+,46,65259.600000000006,0.0007048771368503637
Madhya Pradesh,2006,By Consuming Insecticides,Male,0-14,17,66487.5,0.00025568715924045876
Madhya Pradesh,2006,By Consuming Insecticides,Male,15-29,257,66487.5,0.0038653882308704642
Madhya Pradesh,2006,By Consuming Insecticides,Male,30-44,194,66487.5,0.002917841699567588
Madhya Pradesh,2006,By Consuming Insecticides,Male,45-59,145,66487.5,0.0021808610641097952
Madhya Pradesh,2006,By Consuming Insecticides,Male,60+,72,66487.5,0.0010829103214890017
Madhya Pradesh,2007,By Consuming Insecticides,Male,0-14,11,67715.4,0.00016244458424523819
Madhya Pradesh,2007,By Consuming Insecticides,Male,15-29,284,67715.4,0.004194023811422513
Madhya Pradesh,2007,By Consuming Insecticides,Male,30-44,235,67715.4,0.003470407027057361
Madhya Pradesh,2007,By Consuming Insecticides,Male,45-59,126,67715.4,0.0018607288740818192
Madhya Pradesh,2007,By Consuming Insecticides,Male,60+,50,67715.4,0.0007383844738419917
Madhya Pradesh,2008,By Consuming Insecticides,Male,0-14,11,68943.29999999999,0.00015955139948334359
Madhya Pradesh,2008,By Consuming Insecticides,Male,15-29,445,68943.29999999999,0.006454579342735263
Madhya Pradesh,2008,By Consuming Insecticides,Male,30-44,319,68943.29999999999,0.004626990585016964
Madhya Pradesh,2008,By Consuming Insecticides,Male,45-59,159,68943.29999999999,0.00230624295616833
Madhya Pradesh,2008,By Consuming Insecticides,Male,60+,81,68943.29999999999,0.001174878487104621
Madhya Pradesh,2009,By Consuming Insecticides,Male,0-14,18,70171.19999999998,0.0002565154935358096
Madhya Pradesh,2009,By Consuming Insecticides,Male,15-29,456,70171.19999999998,0.006498392502907177
Madhya Pradesh,2009,By Consuming Insecticides,Male,30-44,336,70171.19999999998,0.0047882892126684465
Madhya Pradesh,2009,By Consuming Insecticides,Male,45-59,250,70171.19999999998,0.003562715187997356
Madhya Pradesh,2009,By Consuming Insecticides,Male,60+,60,70171.19999999998,0.0008550516451193654
Madhya Pradesh,2010,By Consuming Insecticides,Male,0-14,21,71399.09999999998,0.0002941213544708548
Madhya Pradesh,2010,By Consuming Insecticides,Male,15-29,475,71399.09999999998,0.006652744922555048
Madhya Pradesh,2010,By Consuming Insecticides,Male,30-44,415,71399.09999999998,0.0058123981954954634
Madhya Pradesh,2010,By Consuming Insecticides,Male,45-59,193,71399.09999999998,0.0027031153053749986
Madhya Pradesh,2010,By Consuming Insecticides,Male,60+,62,71399.09999999998,0.0008683582846282379
Madhya Pradesh,2011,By Consuming Insecticides,Male,0-14,27,72626.99999999997,0.000371762567640134
Madhya Pradesh,2011,By Consuming Insecticides,Male,15-29,476,72626.99999999997,0.006554036377655696
Madhya Pradesh,2011,By Consuming Insecticides,Male,30-44,391,72626.99999999997,0.005383672738788607
Madhya Pradesh,2011,By Consuming Insecticides,Male,45-59,183,72626.99999999997,0.002519724069560908
Madhya Pradesh,2011,By Consuming Insecticides,Male,60+,79,72626.99999999997,0.0010877497349470588
Madhya Pradesh,2012,By Consuming Insecticides,Male,0-14,19,73854.89999999997,0.00025726119729361233
Madhya Pradesh,2012,By Consuming Insecticides,Male,15-29,435,73854.89999999997,0.005889927411722177
Madhya Pradesh,2012,By Consuming Insecticides,Male,30-44,350,73854.89999999997,0.004739022055408648
Madhya Pradesh,2012,By Consuming Insecticides,Male,45-59,191,73854.89999999997,0.0025861520359515763
Madhya Pradesh,2012,By Consuming Insecticides,Male,60+,88,73854.89999999997,0.0011915255453598887
Maharashtra,2001,By Consuming Insecticides,Male,0-14,43,96879.0,0.0004438526409232135
Maharashtra,2001,By Consuming Insecticides,Male,15-29,935,96879.0,0.009651214401469875
Maharashtra,2001,By Consuming Insecticides,Male,30-44,1145,96879.0,0.011818866833885569
Maharashtra,2001,By Consuming Insecticides,Male,45-59,629,96879.0,0.006492635142807007
Maharashtra,2001,By Consuming Insecticides,Male,60+,245,96879.0,0.0025289278378183093
Maharashtra,2002,By Consuming Insecticides,Male,0-14,38,98428.5,0.0003860670435900171
Maharashtra,2002,By Consuming Insecticides,Male,15-29,1029,98428.5,0.01045428915405599
Maharashtra,2002,By Consuming Insecticides,Male,30-44,1187,98428.5,0.012059515282667113
Maharashtra,2002,By Consuming Insecticides,Male,45-59,559,98428.5,0.0056792494043899884
Maharashtra,2002,By Consuming Insecticides,Male,60+,260,98428.5,0.0026415113508790646
Maharashtra,2003,By Consuming Insecticides,Male,0-14,42,99978.0,0.00042009242033247315
Maharashtra,2003,By Consuming Insecticides,Male,15-29,1069,99978.0,0.010692352317509852
Maharashtra,2003,By Consuming Insecticides,Male,30-44,1171,99978.0,0.011712576766888716
Maharashtra,2003,By Consuming Insecticides,Male,45-59,692,99978.0,0.0069215227350017
Maharashtra,2003,By Consuming Insecticides,Male,60+,259,99978.0,0.0025905699253835845
Maharashtra,2004,By Consuming Insecticides,Male,0-14,27,101527.5,0.00026593780010342026
Maharashtra,2004,By Consuming Insecticides,Male,15-29,1322,101527.5,0.013021102656915614
Maharashtra,2004,By Consuming Insecticides,Male,30-44,1494,101527.5,0.01471522493905592
Maharashtra,2004,By Consuming Insecticides,Male,45-59,809,101527.5,0.007968284454950628
Maharashtra,2004,By Consuming Insecticides,Male,60+,333,101527.5,0.00327989953460885
Maharashtra,2005,By Consuming Insecticides,Male,0-14,24,103077.0,0.00023283564713757676
Maharashtra,2005,By Consuming Insecticides,Male,15-29,1049,103077.0,0.010176858076971584
Maharashtra,2005,By Consuming Insecticides,Male,30-44,1208,103077.0,0.011719394239258031
Maharashtra,2005,By Consuming Insecticides,Male,45-59,695,103077.0,0.006742532281692327
Maharashtra,2005,By Consuming Insecticides,Male,60+,289,103077.0,0.0028037292509483203
Maharashtra,2006,By Consuming Insecticides,Male,0-14,19,104626.5,0.00018159835223389867
Maharashtra,2006,By Consuming Insecticides,Male,15-29,1034,104626.5,0.009882773484729013
Maharashtra,2006,By Consuming Insecticides,Male,30-44,1310,104626.5,0.012520728496126699
Maharashtra,2006,By Consuming Insecticides,Male,45-59,713,104626.5,0.006814717112777356
Maharashtra,2006,By Consuming Insecticides,Male,60+,336,104626.5,0.0032114234921363136
Maharashtra,2007,By Consuming Insecticides,Male,0-14,8,106176.0,7.53465943339361e-05
Maharashtra,2007,By Consuming Insecticides,Male,15-29,959,106176.0,0.009032172995780591
Maharashtra,2007,By Consuming Insecticides,Male,30-44,1216,106176.0,0.011452682338758288
Maharashtra,2007,By Consuming Insecticides,Male,45-59,793,106176.0,0.007468731163351417
Maharashtra,2007,By Consuming Insecticides,Male,60+,366,106176.0,0.0034471066907775768
Maharashtra,2008,By Consuming Insecticides,Male,0-14,9,107725.5,8.354567859977442e-05
Maharashtra,2008,By Consuming Insecticides,Male,15-29,1040,107725.5,0.009654167304862822
Maharashtra,2008,By Consuming Insecticides,Male,30-44,1228,107725.5,0.011399343702280332
Maharashtra,2008,By Consuming Insecticides,Male,45-59,744,107725.5,0.0069064427642480195
Maharashtra,2008,By Consuming Insecticides,Male,60+,253,107725.5,0.002348561853971437
Maharashtra,2009,By Consuming Insecticides,Male,0-14,11,109275.0,0.00010066346373827499
Maharashtra,2009,By Consuming Insecticides,Male,15-29,1032,109275.0,0.009444063143445435
Maharashtra,2009,By Consuming Insecticides,Male,30-44,1262,109275.0,0.011548844657973003
Maharashtra,2009,By Consuming Insecticides,Male,45-59,794,109275.0,0.007266071837108213
Maharashtra,2009,By Consuming Insecticides,Male,60+,330,109275.0,0.0030199039121482497
Maharashtra,2010,By Consuming Insecticides,Male,0-14,9,110824.5,8.120947985328154e-05
Maharashtra,2010,By Consuming Insecticides,Male,15-29,1113,110824.5,0.01004290567518915
Maharashtra,2010,By Consuming Insecticides,Male,30-44,1260,110824.5,0.011369327179459416
Maharashtra,2010,By Consuming Insecticides,Male,45-59,805,110824.5,0.007263736809099071
Maharashtra,2010,By Consuming Insecticides,Male,60+,334,110824.5,0.0030137740301106703
Maharashtra,2011,By Consuming Insecticides,Male,0-14,14,112374.0,0.00012458397850036485
Maharashtra,2011,By Consuming Insecticides,Male,15-29,1016,112374.0,0.00904123729688362
Maharashtra,2011,By Consuming Insecticides,Male,30-44,1211,112374.0,0.01077651414028156
Maharashtra,2011,By Consuming Insecticides,Male,45-59,770,112374.0,0.006852118817520067
Maharashtra,2011,By Consuming Insecticides,Male,60+,349,112374.0,0.0031057006069019526
Maharashtra,2012,By Consuming Insecticides,Male,0-14,5,113923.5,4.388910101954382e-05
Maharashtra,2012,By Consuming Insecticides,Male,15-29,817,113923.5,0.0071714791065934595
Maharashtra,2012,By Consuming Insecticides,Male,30-44,1038,113923.5,0.009111377371657296
Maharashtra,2012,By Consuming Insecticides,Male,45-59,770,113923.5,0.0067589215570097476
Maharashtra,2012,By Consuming Insecticides,Male,60+,292,113923.5,0.002563123499541359
Rajasthan,2001,By Consuming Insecticides,Male,0-14,16,56507.0,0.0002831507600828216
Rajasthan,2001,By Consuming Insecticides,Male,15-29,160,56507.0,0.0028315076008282158
Rajasthan,2001,By Consuming Insecticides,Male,30-44,129,56507.0,0.0022829030031677492
Rajasthan,2001,By Consuming Insecticides,Male,45-59,58,56507.0,0.0010264215053002283
Rajasthan,2001,By Consuming Insecticides,Male,60+,15,56507.0,0.00026545383757764523
Rajasthan,2002,By Consuming Insecticides,Male,0-14,13,57711.1,0.00022525995865613376
Rajasthan,2002,By Consuming Insecticides,Male,15-29,140,57711.1,0.0024258764778352865
Rajasthan,2002,By Consuming Insecticides,Male,30-44,134,57711.1,0.002321910343070917
Rajasthan,2002,By Consuming Insecticides,Male,45-59,72,57711.1,0.0012475936171724331
Rajasthan,2002,By Consuming Insecticides,Male,60+,22,57711.1,0.00038120916080268787
Rajasthan,2003,By Consuming Insecticides,Male,0-14,7,58915.2,0.00011881483895497258
Rajasthan,2003,By Consuming Insecticides,Male,15-29,194,58915.2,0.0032928683938949544
Rajasthan,2003,By Consuming Insecticides,Male,30-44,171,58915.2,0.0029024767801857586
Rajasthan,2003,By Consuming Insecticides,Male,45-59,100,58915.2,0.001697354842213894
Rajasthan,2003,By Consuming Insecticides,Male,60+,27,58915.2,0.00045828580739775137
Rajasthan,2004,By Consuming Insecticides,Male,0-14,18,60119.299999999996,0.0002994046836872685
Rajasthan,2004,By Consuming Insecticides,Male,15-29,216,60119.299999999996,0.003592856204247222
Rajasthan,2004,By Consuming Insecticides,Male,30-44,142,60119.299999999996,0.002361970282421785
Rajasthan,2004,By Consuming Insecticides,Male,45-59,65,60119.299999999996,0.001081183579981803
Rajasthan,2004,By Consuming Insecticides,Male,60+,16,60119.299999999996,0.00026613749661090534
Rajasthan,2005,By Consuming Insecticides,Male,0-14,28,61323.399999999994,0.0004565956877798687
Rajasthan,2005,By Consuming Insecticides,Male,15-29,224,61323.399999999994,0.0036527655022389497
Rajasthan,2005,By Consuming Insecticides,Male,30-44,133,61323.399999999994,0.0021688295169543766
Rajasthan,2005,By Consuming Insecticides,Male,45-59,66,61323.399999999994,0.0010762612640525476
Rajasthan,2005,By Consuming Insecticides,Male,60+,9,61323.399999999994,0.00014676289964352923
Rajasthan,2006,By Consuming Insecticides,Male,0-14,12,62527.49999999999,0.0001919155571548519
Rajasthan,2006,By Consuming Insecticides,Male,15-29,202,62527.49999999999,0.003230578545440007
Rajasthan,2006,By Consuming Insecticides,Male,30-44,247,62527.49999999999,0.003950261884770701
Rajasthan,2006,By Consuming Insecticides,Male,45-59,106,62527.49999999999,0.0016952540882011918
Rajasthan,2006,By Consuming Insecticides,Male,60+,15,62527.49999999999,0.00023989444644356486
Rajasthan,2007,By Consuming Insecticides,Male,0-14,9,63731.59999999999,0.00014121722975729466
Rajasthan,2007,By Consuming Insecticides,Male,15-29,187,63731.59999999999,0.002934180218290456
Rajasthan,2007,By Consuming Insecticides,Male,30-44,251,63731.59999999999,0.003938391629897885
Rajasthan,2007,By Consuming Insecticides,Male,45-59,172,63731.59999999999,0.002698818168694965
Rajasthan,2007,By Consuming Insecticides,Male,60+,17,63731.59999999999,0.0002667436562082233
Rajasthan,2008,By Consuming Insecticides,Male,0-14,8,64935.69999999999,0.0001231987951157838
Rajasthan,2008,By Consuming Insecticides,Male,15-29,170,64935.69999999999,0.0026179743962104055
Rajasthan,2008,By Consuming Insecticides,Male,30-44,161,64935.69999999999,0.002479375751705149
Rajasthan,2008,By Consuming Insecticides,Male,45-59,94,64935.69999999999,0.0014475858426104594
Rajasthan,2008,By Consuming Insecticides,Male,60+,11,64935.69999999999,0.0001693983432842027
Rajasthan,2009,By Consuming Insecticides,Male,0-14,8,66139.79999999999,0.00012095591459302872
Rajasthan,2009,By Consuming Insecticides,Male,15-29,196,66139.79999999999,0.002963419907529204
Rajasthan,2009,By Consuming Insecticides,Male,30-44,206,66139.79999999999,0.0031146148007704898
Rajasthan,2009,By Consuming Insecticides,Male,45-59,71,66139.79999999999,0.00107348374201313
Rajasthan,2009,By Consuming Insecticides,Male,60+,17,66139.79999999999,0.00025703131851018607
Rajasthan,2010,By Consuming Insecticides,Male,0-14,4,67343.9,5.93966194414045e-05
Rajasthan,2010,By Consuming Insecticides,Male,15-29,172,67343.9,0.0025540546359803934
Rajasthan,2010,By Consuming Insecticides,Male,30-44,161,67343.9,0.002390713932516531
Rajasthan,2010,By Consuming Insecticides,Male,45-59,84,67343.9,0.0012473290082694944
Rajasthan,2010,By Consuming Insecticides,Male,60+,16,67343.9,0.000237586477765618
Rajasthan,2011,By Consuming Insecticides,Male,0-14,5,68548.0,7.294158837602847e-05
Rajasthan,2011,By Consuming Insecticides,Male,15-29,130,68548.0,0.0018964812977767403
Rajasthan,2011,By Consuming Insecticides,Male,30-44,114,68548.0,0.0016630682149734492
Rajasthan,2011,By Consuming Insecticides,Male,45-59,61,68548.0,0.0008898873781875474
Rajasthan,2011,By Consuming Insecticides,Male,60+,8,68548.0,0.00011670654140164556
Rajasthan,2012,By Consuming Insecticides,Male,0-14,8,69752.1,0.00011469188741270871
Rajasthan,2012,By Consuming Insecticides,Male,15-29,102,69752.1,0.001462321564512036
Rajasthan,2012,By Consuming Insecticides,Male,30-44,123,69752.1,0.0017633877689703964
Rajasthan,2012,By Consuming Insecticides,Male,45-59,98,69752.1,0.0014049756208056817
Rajasthan,2012,By Consuming Insecticides,Male,60+,10,69752.1,0.0001433648592658859
Tamil Nadu,2001,By Consuming Insecticides,Male,0-14,17,62406.0,0.00027240970419510944
Tamil Nadu,2001,By Consuming Insecticides,Male,15-29,395,62406.0,0.0063295195974746015
Tamil Nadu,2001,By Consuming Insecticides,Male,30-44,400,62406.0,0.0064096400987084575
Tamil Nadu,2001,By Consuming Insecticides,Male,45-59,225,62406.0,0.0036054225555235075
Tamil Nadu,2001,By Consuming Insecticides,Male,60+,87,62406.0,0.0013940967214690896
Tamil Nadu,2002,By Consuming Insecticides,Male,0-14,8,63380.1,0.00012622258406029654
Tamil Nadu,2002,By Consuming Insecticides,Male,15-29,284,63380.1,0.004480901734140527
Tamil Nadu,2002,By Consuming Insecticides,Male,30-44,283,63380.1,0.00446512391113299
Tamil Nadu,2002,By Consuming Insecticides,Male,45-59,169,63380.1,0.0026664520882737643
Tamil Nadu,2002,By Consuming Insecticides,Male,60+,56,63380.1,0.0008835580884220758
Tamil Nadu,2003,By Consuming Insecticides,Male,0-14,13,64354.2,0.0002020070174130049
Tamil Nadu,2003,By Consuming Insecticides,Male,15-29,335,64354.2,0.005205565448719742
Tamil Nadu,2003,By Consuming Insecticides,Male,30-44,396,64354.2,0.006153444530426919
Tamil Nadu,2003,By Consuming Insecticides,Male,45-59,215,64354.2,0.0033408852879843118
Tamil Nadu,2003,By Consuming Insecticides,Male,60+,128,64354.2,0.001988992171451125
Tamil Nadu,2004,By Consuming Insecticides,Male,0-14,13,65328.299999999996,0.00019899492256801417
Tamil Nadu,2004,By Consuming Insecticides,Male,15-29,350,65328.299999999996,0.005357555607600381
Tamil Nadu,2004,By Consuming Insecticides,Male,30-44,438,65328.299999999996,0.006704598160368478
Tamil Nadu,2004,By Consuming Insecticides,Male,45-59,376,65328.299999999996,0.00575554545273641
Tamil Nadu,2004,By Consuming Insecticides,Male,60+,68,65328.299999999996,0.0010408965180480742
Tamil Nadu,2005,By Consuming Insecticides,Male,0-14,10,66302.4,0.00015082410289823597
Tamil Nadu,2005,By Consuming Insecticides,Male,15-29,340,66302.4,0.005128019498540023
Tamil Nadu,2005,By Consuming Insecticides,Male,30-44,418,66302.4,0.006304447501146264
Tamil Nadu,2005,By Consuming Insecticides,Male,45-59,306,66302.4,0.004615217548686021
Tamil Nadu,2005,By Consuming Insecticides,Male,60+,58,66302.4,0.0008747797968097687
Tamil Nadu,2006,By Consuming Insecticides,Male,0-14,10,67276.5,0.000148640312739218
Tamil Nadu,2006,By Consuming Insecticides,Male,15-29,272,67276.5,0.00404301650650673
Tamil Nadu,2006,By Consuming Insecticides,Male,30-44,369,67276.5,0.005484827540077145
Tamil Nadu,2006,By Consuming Insecticides,Male,45-59,203,67276.5,0.0030173983486061254
Tamil Nadu,2006,By Consuming Insecticides,Male,60+,106,67276.5,0.0015755873150357109
Tamil Nadu,2007,By Consuming Insecticides,Male,0-14,11,68250.6,0.0001611707442864971
Tamil Nadu,2007,By Consuming Insecticides,Male,15-29,315,68250.6,0.004615344040931508
Tamil Nadu,2007,By Consuming Insecticides,Male,30-44,427,68250.6,0.006256355255484933
Tamil Nadu,2007,By Consuming Insecticides,Male,45-59,235,68250.6,0.003443193173393347
Tamil Nadu,2007,By Consuming Insecticides,Male,60+,123,68250.6,0.001802181958839922
Tamil Nadu,2008,By Consuming Insecticides,Male,0-14,7,69224.70000000001,0.00010111997596233713
Tamil Nadu,2008,By Consuming Insecticides,Male,15-29,335,69224.70000000001,0.00483931313534042
Tamil Nadu,2008,By Consuming Insecticides,Male,30-44,435,69224.70000000001,0.006283884220516664
Tamil Nadu,2008,By Consuming Insecticides,Male,45-59,327,69224.70000000001,0.00472374744852632
Tamil Nadu,2008,By Consuming Insecticides,Male,60+,123,69224.70000000001,0.001776822434766781
Tamil Nadu,2009,By Consuming Insecticides,Male,0-14,17,70198.80000000002,0.00024216938181279447
Tamil Nadu,2009,By Consuming Insecticides,Male,15-29,753,70198.80000000002,0.010726679088531425
Tamil Nadu,2009,By Consuming Insecticides,Male,30-44,1027,70198.80000000002,0.014629879713043524
Tamil Nadu,2009,By Consuming Insecticides,Male,45-59,787,70198.80000000002,0.011211017852157014
Tamil Nadu,2009,By Consuming Insecticides,Male,60+,357,70198.80000000002,0.005085557018068684
Tamil Nadu,2010,By Consuming Insecticides,Male,0-14,26,71172.90000000002,0.0003653075819588634
Tamil Nadu,2010,By Consuming Insecticides,Male,15-29,386,71172.90000000002,0.005423412562927742
Tamil Nadu,2010,By Consuming Insecticides,Male,30-44,575,71172.90000000002,0.008078917677936403
Tamil Nadu,2010,By Consuming Insecticides,Male,45-59,582,71172.90000000002,0.00817726971923302
Tamil Nadu,2010,By Consuming Insecticides,Male,60+,146,71172.90000000002,0.002051342575615156
Tamil Nadu,2011,By Consuming Insecticides,Male,0-14,16,72147.00000000003,0.00022176944294288042
Tamil Nadu,2011,By Consuming Insecticides,Male,15-29,282,72147.00000000003,0.0039086864318682675
Tamil Nadu,2011,By Consuming Insecticides,Male,30-44,325,72147.00000000003,0.004504691809777258
Tamil Nadu,2011,By Consuming Insecticides,Male,45-59,242,72147.00000000003,0.0033542628245110664
Tamil Nadu,2011,By Consuming Insecticides,Male,60+,152,72147.00000000003,0.002106809707957364
Tamil Nadu,2012,By Consuming Insecticides,Male,0-14,9,73121.10000000003,0.00012308348752959126
Tamil Nadu,2012,By Consuming Insecticides,Male,15-29,295,73121.10000000003,0.004034403202358825
Tamil Nadu,2012,By Consuming Insecticides,Male,30-44,423,73121.10000000003,0.005784923913890789
Tamil Nadu,2012,By Consuming Insecticides,Male,45-59,360,73121.10000000003,0.004923339501183651
Tamil Nadu,2012,By Consuming Insecticides,Male,60+,191,73121.10000000003,0.0026121051242391034
Uttar Pradesh,2001,By Consuming Insecticides,Male,0-14,19,166198.0,0.00011432147197920552
Uttar Pradesh,2001,By Consuming Insecticides,Male,15-29,146,166198.0,0.0008784702583665266
Uttar Pradesh,2001,By Consuming Insecticides,Male,30-44,65,166198.0,0.00039109977256043994
Uttar Pradesh,2001,By Consuming Insecticides,Male,45-59,76,166198.0,0.0004572858879168221
Uttar Pradesh,2001,By Consuming Insecticides,Male,60+,33,166198.0,0.00019855834606914645
Uttar Pradesh,2002,By Consuming Insecticides,Male,0-14,9,169559.4,5.307874408614326e-05
Uttar Pradesh,2002,By Consuming Insecticides,Male,15-29,117,169559.4,0.0006900236731198625
Uttar Pradesh,2002,By Consuming Insecticides,Male,30-44,116,169559.4,0.0006841260348880687
Uttar Pradesh,2002,By Consuming Insecticides,Male,45-59,76,169559.4,0.0004482205056163209
Uttar Pradesh,2002,By Consuming Insecticides,Male,60+,37,169559.4,0.00021821261457636676
Uttar Pradesh,2003,By Consuming Insecticides,Male,0-14,5,172920.8,2.8914971478272137e-05
Uttar Pradesh,2003,By Consuming Insecticides,Male,15-29,121,172920.8,0.0006997423097741857
Uttar Pradesh,2003,By Consuming Insecticides,Male,30-44,91,172920.8,0.0005262524809045529
Uttar Pradesh,2003,By Consuming Insecticides,Male,45-59,76,172920.8,0.00043950756646973647
Uttar Pradesh,2003,By Consuming Insecticides,Male,60+,20,172920.8,0.00011565988591308855
Uttar Pradesh,2004,By Consuming Insecticides,Male,0-14,15,176282.19999999998,8.509083730518454e-05
Uttar Pradesh,2004,By Consuming Insecticides,Male,15-29,106,176282.19999999998,0.000601308583623304
Uttar Pradesh,2004,By Consuming Insecticides,Male,30-44,106,176282.19999999998,0.000601308583623304
Uttar Pradesh,2004,By Consuming Insecticides,Male,45-59,31,176282.19999999998,0.00017585439709738137
Uttar Pradesh,2004,By Consuming Insecticides,Male,60+,10,176282.19999999998,5.6727224870123025e-05
Uttar Pradesh,2005,By Consuming Insecticides,Male,0-14,3,179643.59999999998,1.6699732136296535e-05
Uttar Pradesh,2005,By Consuming Insecticides,Male,15-29,61,179643.59999999998,0.00033956122010469624
Uttar Pradesh,2005,By Consuming Insecticides,Male,30-44,50,179643.59999999998,0.0002783288689382756
Uttar Pradesh,2005,By Consuming Insecticides,Male,45-59,23,179643.59999999998,0.00012803127971160676
Uttar Pradesh,2005,By Consuming Insecticides,Male,60+,17,179643.59999999998,9.46318154390137e-05
Uttar Pradesh,2006,By Consuming Insecticides,Male,0-14,15,183004.99999999997,8.196497363460017e-05
Uttar Pradesh,2006,By Consuming Insecticides,Male,15-29,82,183004.99999999997,0.00044807518920248087
Uttar Pradesh,2006,By Consuming Insecticides,Male,30-44,84,183004.99999999997,0.0004590038523537609
Uttar Pradesh,2006,By Consuming Insecticides,Male,45-59,28,183004.99999999997,0.0001530012841179203
Uttar Pradesh,2006,By Consuming Insecticides,Male,60+,16,183004.99999999997,8.742930521024017e-05
Uttar Pradesh,2007,By Consuming Insecticides,Male,0-14,6,186366.39999999997,3.2194644528198225e-05
Uttar Pradesh,2007,By Consuming Insecticides,Male,15-29,83,186366.39999999997,0.00044535924930674207
Uttar Pradesh,2007,By Consuming Insecticides,Male,30-44,83,186366.39999999997,0.00044535924930674207
Uttar Pradesh,2007,By Consuming Insecticides,Male,45-59,48,186366.39999999997,0.0002575571562255858
Uttar Pradesh,2007,By Consuming Insecticides,Male,60+,16,186366.39999999997,8.58523854085286e-05
Uttar Pradesh,2008,By Consuming Insecticides,Male,0-14,13,189727.79999999996,6.851921542335916e-05
Uttar Pradesh,2008,By Consuming Insecticides,Male,15-29,122,189727.79999999996,0.0006430264832038322
Uttar Pradesh,2008,By Consuming Insecticides,Male,30-44,113,189727.79999999996,0.0005955901032953527
Uttar Pradesh,2008,By Consuming Insecticides,Male,45-59,59,189727.79999999996,0.0003109718238444762
Uttar Pradesh,2008,By Consuming Insecticides,Male,60+,19,189727.79999999996,0.00010014346869567878
Uttar Pradesh,2009,By Consuming Insecticides,Male,0-14,9,193089.19999999995,4.6610582052232864e-05
Uttar Pradesh,2009,By Consuming Insecticides,Male,15-29,111,193089.19999999995,0.000574863845310872
Uttar Pradesh,2009,By Consuming Insecticides,Male,30-44,114,193089.19999999995,0.0005904007059949496
Uttar Pradesh,2009,By Consuming Insecticides,Male,45-59,49,193089.19999999995,0.00025376872450660117
Uttar Pradesh,2009,By Consuming Insecticides,Male,60+,16,193089.19999999995,8.286325698174732e-05
Uttar Pradesh,2010,By Consuming Insecticides,Male,0-14,1,196450.59999999995,5.090338232614206e-06
Uttar Pradesh,2010,By Consuming Insecticides,Male,15-29,57,196450.59999999995,0.0002901492792590097
Uttar Pradesh,2010,By Consuming Insecticides,Male,30-44,52,196450.59999999995,0.0002646975880959387
Uttar Pradesh,2010,By Consuming Insecticides,Male,45-59,24,196450.59999999995,0.00012216811758274093
Uttar Pradesh,2010,By Consuming Insecticides,Male,60+,9,196450.59999999995,4.581304409352785e-05
Uttar Pradesh,2011,By Consuming Insecticides,Male,0-14,1,199811.99999999994,5.004704422156829e-06
Uttar Pradesh,2011,By Consuming Insecticides,Male,15-29,63,199811.99999999994,0.00031529637859588024
Uttar Pradesh,2011,By Consuming Insecticides,Male,30-44,62,199811.99999999994,0.0003102916741737234
Uttar Pradesh,2011,By Consuming Insecticides,Male,45-59,25,199811.99999999994,0.0001251176105539207
Uttar Pradesh,2011,By Consuming Insecticides,Male,60+,5,199811.99999999994,2.5023522110784146e-05
Uttar Pradesh,2012,By Consuming Insecticides,Male,0-14,1,203173.39999999994,4.921904146901122e-06
Uttar Pradesh,2012,By Consuming Insecticides,Male,15-29,63,203173.39999999994,0.00031007996125477066
Uttar Pradesh,2012,By Consuming Insecticides,Male,30-44,44,203173.39999999994,0.00021656378246364934
Uttar Pradesh,2012,By Consuming Insecticides,Male,45-59,30,203173.39999999994,0.00014765712440703365
Uttar Pradesh,2012,By Consuming Insecticides,Male,60+,3,203173.39999999994,1.4765712440703364e-05
West Bengal,2001,By Consuming Insecticides,Male,0-14,27,80176.0,0.0003367591299141888
West Bengal,2001,By Consuming Insecticides,Male,15-29,157,80176.0,0.001958191977649172
West Bengal,2001,By Consuming Insecticides,Male,30-44,202,80176.0,0.00251945719417282
West Bengal,2001,By Consuming Insecticides,Male,45-59,217,80176.0,0.0027065455996807025
West Bengal,2001,By Consuming Insecticides,Male,60+,79,80176.0,0.000985332269008182
West Bengal,2002,By Consuming Insecticides,Male,0-14,18,81286.0,0.00022144034643111976
West Bengal,2002,By Consuming Insecticides,Male,15-29,195,81286.0,0.0023989370863371304
West Bengal,2002,By Consuming Insecticides,Male,30-44,234,81286.0,0.0028787245036045565
West Bengal,2002,By Consuming Insecticides,Male,45-59,134,81286.0,0.0016485003567650025
West Bengal,2002,By Consuming Insecticides,Male,60+,56,81286.0,0.0006889255222301504
West Bengal,2003,By Consuming Insecticides,Male,0-14,14,82396.0,0.00016991116073595807
West Bengal,2003,By Consuming Insecticides,Male,15-29,190,82396.0,0.0023059371814165737
West Bengal,2003,By Consuming Insecticides,Male,30-44,310,82396.0,0.003762318559153357
West Bengal,2003,By Consuming Insecticides,Male,45-59,266,82396.0,0.003228312053983203
West Bengal,2003,By Consuming Insecticides,Male,60+,31,82396.0,0.0003762318559153357
West Bengal,2004,By Consuming Insecticides,Male,0-14,3,83506.0,3.5925562235048976e-05
West Bengal,2004,By Consuming Insecticides,Male,15-29,76,83506.0,0.0009101142432879075
West Bengal,2004,By Consuming Insecticides,Male,30-44,103,83506.0,0.0012334443034033482
West Bengal,2004,By Consuming Insecticides,Male,45-59,39,83506.0,0.0004670323090556367
West Bengal,2004,By Consuming Insecticides,Male,60+,21,83506.0,0.00025147893564534285
West Bengal,2005,By Consuming Insecticides,Male,0-14,13,84616.0,0.0001536352462891179
West Bengal,2005,By Consuming Insecticides,Male,15-29,191,84616.0,0.0022572563108631937
West Bengal,2005,By Consuming Insecticides,Male,30-44,213,84616.0,0.0025172544199678548
West Bengal,2005,By Consuming Insecticides,Male,45-59,94,84616.0,0.0011109010116290064
West Bengal,2005,By Consuming Insecticides,Male,60+,33,84616.0,0.0003899971636569916
West Bengal,2006,By Consuming Insecticides,Male,0-14,28,85726.0,0.00032662202832279587
West Bengal,2006,By Consuming Insecticides,Male,15-29,412,85726.0,0.0048060098453211395
West Bengal,2006,By Consuming Insecticides,Male,30-44,480,85726.0,0.005599234771247929
West Bengal,2006,By Consuming Insecticides,Male,45-59,403,85726.0,0.004701024193360241
West Bengal,2006,By Consuming Insecticides,Male,60+,81,85726.0,0.0009448708676480881
West Bengal,2007,By Consuming Insecticides,Male,0-14,28,86836.0,0.00032244691141922703
West Bengal,2007,By Consuming Insecticides,Male,15-29,534,86836.0,0.006149523239209544
West Bengal,2007,By Consuming Insecticides,Male,30-44,587,86836.0,0.006759869178681653
West Bengal,2007,By Consuming Insecticides,Male,45-59,409,86836.0,0.004710028098945138
West Bengal,2007,By Consuming Insecticides,Male,60+,108,86836.0,0.0012437238011884471
West Bengal,2008,By Consuming Insecticides,Male,0-14,46,87946.0,0.0005230482341436791
West Bengal,2008,By Consuming Insecticides,Male,15-29,420,87946.0,0.004775657790007505
West Bengal,2008,By Consuming Insecticides,Male,30-44,543,87946.0,0.006174243285652559
West Bengal,2008,By Consuming Insecticides,Male,45-59,255,87946.0,0.002899506515361699
West Bengal,2008,By Consuming Insecticides,Male,60+,38,87946.0,0.00043208332385782184
West Bengal,2009,By Consuming Insecticides,Male,0-14,20,89056.0,0.0002245777937477542
West Bengal,2009,By Consuming Insecticides,Male,15-29,205,89056.0,0.0023019223859144806
West Bengal,2009,By Consuming Insecticides,Male,30-44,402,89056.0,0.00451401365432986
West Bengal,2009,By Consuming Insecticides,Male,45-59,274,89056.0,0.0030767157743442327
West Bengal,2009,By Consuming Insecticides,Male,60+,27,89056.0,0.0003031800215594682
West Bengal,2010,By Consuming Insecticides,Male,0-14,59,90166.0,0.0006543486458310228
West Bengal,2010,By Consuming Insecticides,Male,15-29,382,90166.0,0.004236630215380521
West Bengal,2010,By Consuming Insecticides,Male,30-44,476,90166.0,0.005279151786704523
West Bengal,2010,By Consuming Insecticides,Male,45-59,313,90166.0,0.003471375019408646
West Bengal,2010,By Consuming Insecticides,Male,60+,45,90166.0,0.000499079475633831
West Bengal,2011,By Consuming Insecticides,Male,0-14,22,91276.0,0.00024102721416363558
West Bengal,2011,By Consuming Insecticides,Male,15-29,333,91276.0,0.0036482755598404837
West Bengal,2011,By Consuming Insecticides,Male,30-44,367,91276.0,0.004020772163547921
West Bengal,2011,By Consuming Insecticides,Male,45-59,192,91276.0,0.0021035102327008194
West Bengal,2011,By Consuming Insecticides,Male,60+,46,91276.0,0.000503965993251238
West Bengal,2012,By Consuming Insecticides,Male,0-14,14,92386.0,0.00015153811183512653
West Bengal,2012,By Consuming Insecticides,Male,15-29,288,92386.0,0.00311735544346546
West Bengal,2012,By Consuming Insecticides,Male,30-44,278,92386.0,0.0030091139350117983
West Bengal,2012,By Consuming Insecticides,Male,45-59,147,92386.0,0.0015911501742688287
West Bengal,2012,By Consuming Insecticides,Male,60+,53,92386.0,0.0005736799948044076
